source_file_id,source_file,source_sha256,cohort,slice_id,genotype,roi_id,onset_index,sampling_rate_hz,n_frames,area_pixels,fluorescence_offset,baseline_f0,raw_baseline_median,baseline_method,auc_window_nominal_s,auc_samples_per_window,auc_effective_duration_s,pre_auc,post_auc,delta_auc,raw_median_shift,baseline_mad_scale,robust_z_shift,orthogonal_issue
4342954,Fig5_H1RKO_NE_postLowHA.mat,d39c8e8453996d5f3abdc42eed0b4ea4b6485b5e142719d4128f9683972621eb,post_low_histamine_2025,AVG_032225_slice1_20X_zm1_GCaMP,KO,KO1,140,0.71,300,469.84,100000,68703.375,-31296.625,onset_minus_70s_to_minus_10s,30,21,28.16901408,0.1491624653,0.9413978755,0.7922354103,1813.53,482.549235,3.758227904,
4342954,Fig5_H1RKO_NE_postLowHA.mat,d39c8e8453996d5f3abdc42eed0b4ea4b6485b5e142719d4128f9683972621eb,post_low_histamine_2025,AVG_032225_slice1_20X_zm1_GCaMP,KO,KO2,140,0.71,300,620.54,100000,68724.97,-31275.03,onset_minus_70s_to_minus_10s,30,21,28.16901408,0.125471545,0.5010225623,0.3755510173,898.2,438.249147,2.049519106,
4342954,Fig5_H1RKO_NE_postLowHA.mat,d39c8e8453996d5f3abdc42eed0b4ea4b6485b5e142719d4128f9683972621eb,post_low_histamine_2025,AVG_032225_slice1_20X_zm1_GCaMP,KO,KO3,140,0.71,300,242.69,100000,68521.365,-31478.635,onset_minus_70s_to_minus_10s,30,21,28.16901408,0.1635861733,0.5130774556,0.3494912823,781.92,345.497691,2.263169973,
4342954,Fig5_H1RKO_NE_postLowHA.mat,d39c8e8453996d5f3abdc42eed0b4ea4b6485b5e142719d4128f9683972621eb,post_low_histamine_2025,AVG_032225_slice1_20X_zm1_GCaMP,WT,WT1,140,0.71,300,338.21,100000,68663.26,-31336.74,onset_minus_70s_to_minus_10s,30,21,28.16901408,0.1333007812,0.3149840393,0.1816832581,396.05,397.974318,0.9951647181,
4342954,Fig5_H1RKO_NE_postLowHA.mat,d39c8e8453996d5f3abdc42eed0b4ea4b6485b5e142719d4128f9683972621eb,post_low_histamine_2025,AVG_032225_slice2_20X_zm1_GCaMP,KO,KO1,120,0.71,213,322.26,100000,69854.13,-30145.87,onset_minus_70s_to_minus_10s,30,21,28.16901408,0.08904763498,0.9602051557,0.8711575207,2171.83,305.56386,7.107614101,
4342954,Fig5_H1RKO_NE_postLowHA.mat,d39c8e8453996d5f3abdc42eed0b4ea4b6485b5e142719d4128f9683972621eb,post_low_histamine_2025,AVG_032225_slice2_20X_zm1_GCaMP,KO,KO2,120,0.71,213,194.72,100000,69702.79,-30297.21,onset_minus_70s_to_minus_10s,30,21,28.16901408,0.09961853953,0.3917599362,0.2921413967,607.66,322.969584,1.881477483,
4342954,Fig5_H1RKO_NE_postLowHA.mat,d39c8e8453996d5f3abdc42eed0b4ea4b6485b5e142719d4128f9683972621eb,post_low_histamine_2025,AVG_032225_slice2_20X_zm1_GCaMP,KO,KO3,120,0.71,213,135.85,100000,70300.915,-29699.085,onset_minus_70s_to_minus_10s,30,21,28.16901408,0.05366688308,0.1951549339,0.1414880509,188.98,298.469619,0.6331632701,
4342954,Fig5_H1RKO_NE_postLowHA.mat,d39c8e8453996d5f3abdc42eed0b4ea4b6485b5e142719d4128f9683972621eb,post_low_histamine_2025,AVG_032225_slice2_20X_zm1_GCaMP,WT,WT1,120,0.71,213,183.82,100000,70046.67,-29953.33,onset_minus_70s_to_minus_10s,30,21,28.16901408,0.09762334371,0.6757890796,0.5781657359,1360.28,351.131571,3.873989445,
4342954,Fig5_H1RKO_NE_postLowHA.mat,d39c8e8453996d5f3abdc42eed0b4ea4b6485b5e142719d4128f9683972621eb,post_low_histamine_2025,AVG_032225_slice2_20X_zm1_GCaMP,WT,WT2,120,0.71,213,151.39,100000,70078.19,-29921.81,onset_minus_70s_to_minus_10s,30,21,28.16901408,0.09965970627,0.2229581992,0.1232984929,324.44,366.217026,0.8859227643,
4342954,Fig5_H1RKO_NE_postLowHA.mat,d39c8e8453996d5f3abdc42eed0b4ea4b6485b5e142719d4128f9683972621eb,post_low_histamine_2025,AVG_032225_slice2_20X_zm1_GCaMP,WT,WT3,120,0.71,213,205.08,100000,69496.37,-30503.63,onset_minus_70s_to_minus_10s,30,21,28.16901408,0.1018188756,0.51522308,0.4134042044,892.68,254.206596,3.511631933,
4342954,Fig5_H1RKO_NE_postLowHA.mat,d39c8e8453996d5f3abdc42eed0b4ea4b6485b5e142719d4128f9683972621eb,post_low_histamine_2025,AVG_032225_slice2_20X_zm1_GCaMP,WT,WT4,120,0.71,213,139.26,100000,69768.955,-30231.045,onset_minus_70s_to_minus_10s,30,21,28.16901408,0.08907852343,0.6996064347,0.6105279112,1627.18,255.503871,6.36851408,
4342954,Fig5_H1RKO_NE_postLowHA.mat,d39c8e8453996d5f3abdc42eed0b4ea4b6485b5e142719d4128f9683972621eb,post_low_histamine_2025,AVG_032225_slice4_20X_zm1_GCaMP,WT,WT1,115,0.71,213,519.85,100000,69829.56,-30170.44,onset_minus_70s_to_minus_10s,30,21,28.16901408,-0.01908187411,0.90255655,0.9216384241,2338.68,358.381485,6.525671939,
4342954,Fig5_H1RKO_NE_postLowHA.mat,d39c8e8453996d5f3abdc42eed0b4ea4b6485b5e142719d4128f9683972621eb,post_low_histamine_2025,AVG_032225_slice4_20X_zm1_GCaMP,WT,WT2,115,0.71,213,147.71,100000,68929.08,-31070.92,onset_minus_70s_to_minus_10s,30,21,28.16901408,-0.01023587281,0.4481548486,0.4583907214,1209.12,307.313328,3.934486044,
4342954,Fig5_H1RKO_NE_postLowHA.mat,d39c8e8453996d5f3abdc42eed0b4ea4b6485b5e142719d4128f9683972621eb,post_low_histamine_2025,AVG_032225_slice4_20X_zm1_GCaMP,WT,WT3,115,0.71,213,381.27,100000,69251.29,-30748.71,onset_minus_70s_to_minus_10s,30,21,28.16901408,-0.0554280619,0.2812207745,0.3366488364,839.84,322.450674,2.604553402,
4342954,Fig5_H1RKO_NE_postLowHA.mat,d39c8e8453996d5f3abdc42eed0b4ea4b6485b5e142719d4128f9683972621eb,post_low_histamine_2025,AVG_032225_slice4_20X_zm1_GCaMP,WT,WT4,115,0.71,213,108.47,100000,69007.96,-30992.04,onset_minus_70s_to_minus_10s,30,21,28.16901408,-0.07465560474,0.03780723267,0.1124628374,223.47,278.995668,0.8009801787,
4342954,Fig5_H1RKO_NE_postLowHA.mat,d39c8e8453996d5f3abdc42eed0b4ea4b6485b5e142719d4128f9683972621eb,post_low_histamine_2025,AVG_032225_slice4_20X_zm1_GCaMP,WT,WT5,115,0.71,213,109.83,100000,68829.115,-31170.885,onset_minus_70s_to_minus_10s,30,21,28.16901408,-0.04801215013,0.1042253621,0.1522375123,476.23,301.360689,1.580265832,
4342954,Fig5_H1RKO_NE_postLowHA.mat,d39c8e8453996d5f3abdc42eed0b4ea4b6485b5e142719d4128f9683972621eb,post_low_histamine_2025,AVG_040725_Slice1_H1Rflox_GCaMP_CreRFP,KO,KO1,105,0.71,214,198.81,100000,70059.425,-29940.575,onset_minus_70s_to_minus_10s,30,21,28.16901408,-0.0864048175,2.080074306,2.166479124,5659.61,227.534622,24.87362121,
4342954,Fig5_H1RKO_NE_postLowHA.mat,d39c8e8453996d5f3abdc42eed0b4ea4b6485b5e142719d4128f9683972621eb,post_low_histamine_2025,AVG_040725_Slice1_H1Rflox_GCaMP_CreRFP,KO,KO2,105,0.71,214,168.15,100000,70011.145,-29988.855,onset_minus_70s_to_minus_10s,30,21,28.16901408,-0.01413597873,1.17684603,1.190982008,3032.41,338.559123,8.956810772,
4342954,Fig5_H1RKO_NE_postLowHA.mat,d39c8e8453996d5f3abdc42eed0b4ea4b6485b5e142719d4128f9683972621eb,post_low_histamine_2025,AVG_040725_Slice1_H1Rflox_GCaMP_CreRFP,KO,KO3,105,0.71,214,207.8,100000,69914.13,-30085.87,onset_minus_70s_to_minus_10s,30,21,28.16901408,-0.05595445502,0.8677746726,0.9237291276,2286.17,256.964232,8.896841332,
4342954,Fig5_H1RKO_NE_postLowHA.mat,d39c8e8453996d5f3abdc42eed0b4ea4b6485b5e142719d4128f9683972621eb,post_low_histamine_2025,AVG_040725_Slice1_H1Rflox_GCaMP_CreRFP,KO,KO4,105,0.71,214,153.02,100000,69744.12,-30255.88,onset_minus_70s_to_minus_10s,30,21,28.16901408,-0.03649164209,0.5945419172,0.6310335593,1620.36,262.427613,6.174502681,
4342954,Fig5_H1RKO_NE_postLowHA.mat,d39c8e8453996d5f3abdc42eed0b4ea4b6485b5e142719d4128f9683972621eb,post_low_histamine_2025,AVG_040725_Slice1_H1Rflox_GCaMP_CreRFP,KO,KO5,105,0.71,214,146.62,100000,70114.735,-29885.265,onset_minus_70s_to_minus_10s,30,21,28.16901408,-0.07028740961,0.8857172602,0.9560046698,2505.24,294.970683,8.493183033,
4342954,Fig5_H1RKO_NE_postLowHA.mat,d39c8e8453996d5f3abdc42eed0b4ea4b6485b5e142719d4128f9683972621eb,post_low_histamine_2025,AVG_040725_Slice1_H1Rflox_GCaMP_CreRFP,KO,KO6,105,0.71,214,261.22,100000,69983.83,-30016.17,onset_minus_70s_to_minus_10s,30,21,28.16901408,-0.07214423071,1.325536682,1.397680913,3859.59,239.906919,16.08786448,
4342954,Fig5_H1RKO_NE_postLowHA.mat,d39c8e8453996d5f3abdc42eed0b4ea4b6485b5e142719d4128f9683972621eb,post_low_histamine_2025,AVG_040725_Slice1_H1Rflox_GCaMP_CreRFP,WT,WT1,105,0.71,214,248.68,100000,70926.915,-29073.085,onset_minus_70s_to_minus_10s,30,21,28.16901408,-0.08484065486,-0.1379281321,-0.05308747724,-242.97,299.915154,-0.8101291207,
4342954,Fig5_H1RKO_NE_postLowHA.mat,d39c8e8453996d5f3abdc42eed0b4ea4b6485b5e142719d4128f9683972621eb,post_low_histamine_2025,AVG_040725_Slice1_H1Rflox_GCaMP_CreRFP,WT,WT2,105,0.71,214,222.25,100000,70759.715,-29240.285,onset_minus_70s_to_minus_10s,30,21,28.16901408,-0.0231012921,0.1543045968,0.1774058889,433.94,260.129583,1.668168591,
4342954,Fig5_H1RKO_NE_postLowHA.mat,d39c8e8453996d5f3abdc42eed0b4ea4b6485b5e142719d4128f9683972621eb,post_low_histamine_2025,AVG_040725_Slice1_H1Rflox_GCaMP_CreRFP,WT,WT3,105,0.71,214,168.56,100000,70298.44,-29701.56,onset_minus_70s_to_minus_10s,30,21,28.16901408,-0.07185892635,0.689689638,0.7615485643,2262.18,196.355544,11.5208359,
4342954,Fig5_H1RKO_NE_postLowHA.mat,d39c8e8453996d5f3abdc42eed0b4ea4b6485b5e142719d4128f9683972621eb,post_low_histamine_2025,AVG_040725_Slice1_H1Rflox_GCaMP_CreRFP,WT,WT4,105,0.71,214,175.37,100000,70133.48,-29866.52,onset_minus_70s_to_minus_10s,30,21,28.16901408,-0.05576659869,0.3735573977,0.4293239964,1093.08,274.295826,3.985040589,
4342954,Fig5_H1RKO_NE_postLowHA.mat,d39c8e8453996d5f3abdc42eed0b4ea4b6485b5e142719d4128f9683972621eb,post_low_histamine_2025,AVG_040725_Slice1_H1Rflox_GCaMP_CreRFP,WT,WT5,105,0.71,214,118.96,100000,70036.91,-29963.09,onset_minus_70s_to_minus_10s,30,21,28.16901408,-0.07351636665,0.4446595012,0.5181758678,1156.04,307.906368,3.754517997,
4342954,Fig5_H1RKO_NE_postLowHA.mat,d39c8e8453996d5f3abdc42eed0b4ea4b6485b5e142719d4128f9683972621eb,post_low_histamine_2025,AVG_040725_Slice1_H1Rflox_GCaMP_CreRFP,WT,WT6,105,0.71,214,147.3,100000,70492.41,-29507.59,onset_minus_70s_to_minus_10s,30,21,28.16901408,-0.06720062206,0.05479463156,0.1219952536,345.56,331.049754,1.043831013,
4342954,Fig5_H1RKO_NE_postLowHA.mat,d39c8e8453996d5f3abdc42eed0b4ea4b6485b5e142719d4128f9683972621eb,post_low_histamine_2025,AVG_040725_Slice1_H1Rflox_GCaMP_CreRFP,WT,WT7,105,0.71,214,167.88,100000,69791.37,-30208.63,onset_minus_70s_to_minus_10s,30,21,28.16901408,-0.06852374724,1.023319044,1.091842791,2422.07,320.716032,7.552070238,
4342954,Fig5_H1RKO_NE_postLowHA.mat,d39c8e8453996d5f3abdc42eed0b4ea4b6485b5e142719d4128f9683972621eb,post_low_histamine_2025,AVG_040725_Slice2_H1Rflox_GCaMP_CreRFP,KO,KO1,118,0.71,213,254.13,100000,68351.145,-31648.855,onset_minus_70s_to_minus_10s,30,21,28.16901408,0.0852953555,1.166611406,1.08131605,2900.22,231.241122,12.5419734,
4342954,Fig5_H1RKO_NE_postLowHA.mat,d39c8e8453996d5f3abdc42eed0b4ea4b6485b5e142719d4128f9683972621eb,post_low_histamine_2025,AVG_040725_Slice2_H1Rflox_GCaMP_CreRFP,KO,KO2,118,0.71,213,271.71,100000,68808.575,-31191.425,onset_minus_70s_to_minus_10s,30,21,28.16901408,0.02037864252,2.204506907,2.184128265,6206.79,218.083047,28.46067168,
4342954,Fig5_H1RKO_NE_postLowHA.mat,d39c8e8453996d5f3abdc42eed0b4ea4b6485b5e142719d4128f9683972621eb,post_low_histamine_2025,AVG_040725_Slice2_H1Rflox_GCaMP_CreRFP,KO,KO3,118,0.71,213,316.68,100000,68309.245,-31690.755,onset_minus_70s_to_minus_10s,30,21,28.16901408,0.06342912697,1.676904664,1.613475537,4242.84,224.821464,18.87204151,
4342954,Fig5_H1RKO_NE_postLowHA.mat,d39c8e8453996d5f3abdc42eed0b4ea4b6485b5e142719d4128f9683972621eb,post_low_histamine_2025,AVG_040725_Slice2_H1Rflox_GCaMP_CreRFP,KO,KO4,118,0.71,213,289.97,100000,68186.16,-31813.84,onset_minus_70s_to_minus_10s,30,21,28.16901408,0.06613491529,0.6603426912,0.5942077759,1529.23,229.380459,6.666784113,
4342954,Fig5_H1RKO_NE_postLowHA.mat,d39c8e8453996d5f3abdc42eed0b4ea4b6485b5e142719d4128f9683972621eb,post_low_histamine_2025,AVG_040725_Slice2_H1Rflox_GCaMP_CreRFP,KO,KO5,118,0.71,213,259.31,100000,68083.555,-31916.445,onset_minus_70s_to_minus_10s,30,21,28.16901408,0.02367389331,0.3631189584,0.3394450651,963.35,230.981667,4.17067732,
4342954,Fig5_H1RKO_NE_postLowHA.mat,d39c8e8453996d5f3abdc42eed0b4ea4b6485b5e142719d4128f9683972621eb,post_low_histamine_2025,AVG_040725_Slice2_H1Rflox_GCaMP_CreRFP,KO,KO6,118,0.71,213,328.12,100000,68133.62,-31866.38,onset_minus_70s_to_minus_10s,30,21,28.16901408,0.0407057423,0.6278885065,0.5871827642,1626.9,214.509981,7.584262478,
4342954,Fig5_H1RKO_NE_postLowHA.mat,d39c8e8453996d5f3abdc42eed0b4ea4b6485b5e142719d4128f9683972621eb,post_low_histamine_2025,AVG_040725_Slice2_H1Rflox_GCaMP_CreRFP,KO,KO7,118,0.71,213,214.75,100000,68377.9,-31622.1,onset_minus_70s_to_minus_10s,30,21,28.16901408,0.0607447522,0.4163788691,0.3556341169,965.54,359.330349,2.687053856,
4342954,Fig5_H1RKO_NE_postLowHA.mat,d39c8e8453996d5f3abdc42eed0b4ea4b6485b5e142719d4128f9683972621eb,post_low_histamine_2025,AVG_040725_Slice2_H1Rflox_GCaMP_CreRFP,KO,KO8,118,0.71,213,352.38,100000,68362.96,-31637.04,onset_minus_70s_to_minus_10s,30,21,28.16901408,0.06903386212,0.6711819663,0.6021481042,1350.51,350.471814,3.853405455,
4342954,Fig5_H1RKO_NE_postLowHA.mat,d39c8e8453996d5f3abdc42eed0b4ea4b6485b5e142719d4128f9683972621eb,post_low_histamine_2025,AVG_040725_Slice2_H1Rflox_GCaMP_CreRFP,KO,KO9,118,0.71,213,148.94,100000,68154.625,-31845.375,onset_minus_70s_to_minus_10s,30,21,28.16901408,0.05746274905,0.8631406624,0.8056779134,2551.83,298.084143,8.560770708,
4342954,Fig5_H1RKO_NE_postLowHA.mat,d39c8e8453996d5f3abdc42eed0b4ea4b6485b5e142719d4128f9683972621eb,post_low_histamine_2025,AVG_040725_Slice2_H1Rflox_GCaMP_CreRFP,WT,WT1,118,0.71,213,224.84,100000,68244.65,-31755.35,onset_minus_70s_to_minus_10s,30,21,28.16901408,0.03685415035,0.4621535467,0.4252993964,1391.99,257.779662,5.399921736,
4342954,Fig5_H1RKO_NE_postLowHA.mat,d39c8e8453996d5f3abdc42eed0b4ea4b6485b5e142719d4128f9683972621eb,post_low_histamine_2025,AVG_040725_Slice3_H1Rflox_GCaMP_CreRFP,KO,KO1,121,0.71,213,293.65,100000,100008.42,8.42,onset_minus_70s_to_minus_10s,30,21,28.16901408,-2.894122512e-05,0.0002542039481,0.0002831451733,1.19,0.07413,16.05288008,
4342954,Fig5_H1RKO_NE_postLowHA.mat,d39c8e8453996d5f3abdc42eed0b4ea4b6485b5e142719d4128f9683972621eb,post_low_histamine_2025,AVG_040725_Slice3_H1Rflox_GCaMP_CreRFP,KO,KO2,121,0.71,213,237.92,100000,100008.38,8.38,onset_minus_70s_to_minus_10s,30,21,28.16901408,-2.633582123e-05,0.0003579277521,0.0003842635734,1.4,0.07413,18.88574127,
4342954,Fig5_H1RKO_NE_postLowHA.mat,d39c8e8453996d5f3abdc42eed0b4ea4b6485b5e142719d4128f9683972621eb,post_low_histamine_2025,AVG_040725_Slice3_H1Rflox_GCaMP_CreRFP,KO,KO3,121,0.71,213,217.48,100000,100008.205,8.205,onset_minus_70s_to_minus_10s,30,21,28.16901408,-2.513878243e-05,0.0001497764432,0.0001749152257,0.77,0.111195,6.924771797,
4342954,Fig5_H1RKO_NE_postLowHA.mat,d39c8e8453996d5f3abdc42eed0b4ea4b6485b5e142719d4128f9683972621eb,post_low_histamine_2025,AVG_040725_Slice3_H1Rflox_GCaMP_CreRFP,KO,KO4,121,0.71,213,130.95,100000,100008.17,8.17,onset_minus_70s_to_minus_10s,30,21,28.16901408,-2.330795489e-05,0.0001444248202,0.0001677327751,0.58,0.126021,4.602407535,
4342954,Fig5_H1RKO_NE_postLowHA.mat,d39c8e8453996d5f3abdc42eed0b4ea4b6485b5e142719d4128f9683972621eb,post_low_histamine_2025,AVG_040725_Slice3_H1Rflox_GCaMP_CreRFP,WT,WT1,121,0.71,213,198.4,100000,100008.28,8.28,onset_minus_70s_to_minus_10s,30,21,28.16901408,-1.894209357e-05,0.0002310372081,0.0002499793017,0.81,0.066717,12.14083367,
4342954,Fig5_H1RKO_NE_postLowHA.mat,d39c8e8453996d5f3abdc42eed0b4ea4b6485b5e142719d4128f9683972621eb,post_low_histamine_2025,AVG_040725_Slice3_H1Rflox_GCaMP_CreRFP,WT,WT2,121,0.71,213,291.2,100000,100008.355,8.355,onset_minus_70s_to_minus_10s,30,21,28.16901408,-2.75329109e-05,0.0004068674147,0.0004344003256,1.69,0.096369,17.53675975,
4342954,Fig5_H1RKO_NE_postLowHA.mat,d39c8e8453996d5f3abdc42eed0b4ea4b6485b5e142719d4128f9683972621eb,post_low_histamine_2025,AVG_040725_Slice3_H1Rflox_GCaMP_CreRFP,WT,WT3,121,0.71,213,197.45,100000,100008.33,8.33,onset_minus_70s_to_minus_10s,30,21,28.16901408,-1.147791713e-05,0.0003934883492,0.0004049662663,1.43,0.059304,24.11304465,
4342954,Fig5_H1RKO_NE_postLowHA.mat,d39c8e8453996d5f3abdc42eed0b4ea4b6485b5e142719d4128f9683972621eb,post_low_histamine_2025,AVG_040725_Slice3_H1Rflox_GCaMP_CreRFP,WT,WT4,121,0.71,213,130,100000,100008.425,8.425,onset_minus_70s_to_minus_10s,30,21,28.16901408,-1.802665027e-05,0.0002490635234,0.0002670901737,0.95,0.096369,9.857941869,
4342954,Fig5_H1RKO_NE_postLowHA.mat,d39c8e8453996d5f3abdc42eed0b4ea4b6485b5e142719d4128f9683972621eb,post_low_histamine_2025,AVG_040725_Slice3_H1Rflox_GCaMP_CreRFP,WT,WT5,121,0.71,213,290.24,100000,100008.225,8.225,onset_minus_70s_to_minus_10s,30,21,28.16901408,-1.999835514e-05,0.0002019552202,0.0002219535753,0.92,0.081543,11.28239089,
4342954,Fig5_H1RKO_NE_postLowHA.mat,d39c8e8453996d5f3abdc42eed0b4ea4b6485b5e142719d4128f9683972621eb,post_low_histamine_2025,AVG_040725_Slice3_H1Rflox_GCaMP_CreRFP,WT,WT6,121,0.71,213,174.55,100000,100008.295,8.295,onset_minus_70s_to_minus_10s,30,21,28.16901408,-1.908292411e-05,0.000280892193,0.0002999751171,1.36,0.126021,10.79185215,
4342954,Fig5_H1RKO_NE_postLowHA.mat,d39c8e8453996d5f3abdc42eed0b4ea4b6485b5e142719d4128f9683972621eb,post_low_histamine_2025,AVG_040725_Slice3_H1Rflox_GCaMP_CreRFP,WT,WT7,121,0.71,213,166.92,100000,100008.615,8.615,onset_minus_70s_to_minus_10s,30,21,28.16901408,-4.077113545e-05,0.0003317319847,0.0003725031201,1.68,0.140847,11.92783659,
4342954,Fig5_H1RKO_NE_postLowHA.mat,d39c8e8453996d5f3abdc42eed0b4ea4b6485b5e142719d4128f9683972621eb,post_low_histamine_2025,AVG_040725_Slice3_H1Rflox_GCaMP_CreRFP,WT,WT8,121,0.71,213,216.25,100000,100008.3,8.3,onset_minus_70s_to_minus_10s,30,21,28.16901408,-3.119459395e-05,0.0001102021208,0.0001413967148,0.58,0.096369,6.018532931,
4342954,Fig5_H1RKO_NE_postLowHA.mat,d39c8e8453996d5f3abdc42eed0b4ea4b6485b5e142719d4128f9683972621eb,post_low_histamine_2025,AVG_040725_Slice3_H1Rflox_GCaMP_CreRFP,WT,WT9,121,0.71,213,137.76,100000,100008.13,8.13,onset_minus_70s_to_minus_10s,30,21,28.16901408,-3.661674138e-06,0.0001521003103,0.0001557619844,0.49,0.111195,4.406672962,
4342954,Fig5_H1RKO_NE_postLowHA.mat,d39c8e8453996d5f3abdc42eed0b4ea4b6485b5e142719d4128f9683972621eb,post_low_histamine_2025,AVG_040725_Slice4_H1Rflox_GCaMP_CreRFP,KO,KO1,95,0.71,213,373.23,100000,68630.14,-31369.86,onset_minus_70s_to_minus_10s,30,21,28.16901408,0.009758164931,1.707704618,1.697946454,5046.92,103.55961,48.73444386,
4342954,Fig5_H1RKO_NE_postLowHA.mat,d39c8e8453996d5f3abdc42eed0b4ea4b6485b5e142719d4128f9683972621eb,post_low_histamine_2025,AVG_040725_Slice4_H1Rflox_GCaMP_CreRFP,KO,KO2,95,0.71,213,236.69,100000,68528.755,-31471.245,onset_minus_70s_to_minus_10s,30,21,28.16901408,0.01332092196,0.6066029724,0.5932820505,1381.34,114.582741,12.05539323,
4342954,Fig5_H1RKO_NE_postLowHA.mat,d39c8e8453996d5f3abdc42eed0b4ea4b6485b5e142719d4128f9683972621eb,post_low_histamine_2025,AVG_040725_Slice4_H1Rflox_GCaMP_CreRFP,KO,KO3,95,0.71,213,378.27,100000,68537.255,-31462.745,onset_minus_70s_to_minus_10s,30,21,28.16901408,0.03954742324,1.008138145,0.9685907219,2510.77,58.703547,42.77032868,
4342954,Fig5_H1RKO_NE_postLowHA.mat,d39c8e8453996d5f3abdc42eed0b4ea4b6485b5e142719d4128f9683972621eb,post_low_histamine_2025,AVG_040725_Slice4_H1Rflox_GCaMP_CreRFP,KO,KO4,95,0.71,213,326.35,100000,68598.815,-31401.185,onset_minus_70s_to_minus_10s,30,21,28.16901408,5.54356063e-05,1.342804578,1.342749142,3341.82,79.178253,42.20628611,
4342954,Fig5_H1RKO_NE_postLowHA.mat,d39c8e8453996d5f3abdc42eed0b4ea4b6485b5e142719d4128f9683972621eb,post_low_histamine_2025,AVG_040725_Slice4_H1Rflox_GCaMP_CreRFP,WT,WT1,95,0.71,213,218.84,100000,68622.685,-31377.315,onset_minus_70s_to_minus_10s,30,21,28.16901408,0.01730446533,0.6072155376,0.5899110723,1507.18,129.779391,11.61340016,
4342954,Fig5_H1RKO_NE_postLowHA.mat,d39c8e8453996d5f3abdc42eed0b4ea4b6485b5e142719d4128f9683972621eb,post_low_histamine_2025,AVG_040725_Slice4_H1Rflox_GCaMP_CreRFP,WT,WT2,95,0.71,213,251.27,100000,68562.99,-31437.01,onset_minus_70s_to_minus_10s,30,21,28.16901408,0.006701660991,0.5227590357,0.5160573747,1141.84,72.232272,15.80789263,
4342954,Fig5_H1RKO_NE_postLowHA.mat,d39c8e8453996d5f3abdc42eed0b4ea4b6485b5e142719d4128f9683972621eb,post_low_histamine_2025,AVG_040725_Slice4_H1Rflox_GCaMP_CreRFP,WT,WT3,95,0.71,213,170.47,100000,68468.97,-31531.03,onset_minus_70s_to_minus_10s,30,21,28.16901408,0.01195781734,0.2291459522,0.2171881348,518.78,120.261099,4.313780635,
4342954,Fig5_H1RKO_NE_postLowHA.mat,d39c8e8453996d5f3abdc42eed0b4ea4b6485b5e142719d4128f9683972621eb,post_low_histamine_2025,AVG_040725_Slice4_H1Rflox_GCaMP_CreRFP,WT,WT4,95,0.71,213,126.32,100000,68358.55,-31641.45,onset_minus_70s_to_minus_10s,30,21,28.16901408,0.009211063277,0.3504044607,0.3411933974,1033.06,96.354174,10.72148675,
4342954,Fig5_H1RKO_NE_postLowHA.mat,d39c8e8453996d5f3abdc42eed0b4ea4b6485b5e142719d4128f9683972621eb,post_low_histamine_2025,AVG_040725_Slice4_H1Rflox_GCaMP_CreRFP,WT,WT5,95,0.71,213,87.75,100000,68357.94,-31642.06,onset_minus_70s_to_minus_10s,30,21,28.16901408,-0.0161325624,0.2912002924,0.3073328548,886.31,126.532497,7.004603726,
4342954,Fig5_H1RKO_NE_postLowHA.mat,d39c8e8453996d5f3abdc42eed0b4ea4b6485b5e142719d4128f9683972621eb,post_low_histamine_2025,AVG_040725_Slice4_H1Rflox_GCaMP_CreRFP,WT,WT6,95,0.71,213,197.45,100000,68576.41,-31423.59,onset_minus_70s_to_minus_10s,30,21,28.16901408,0.01642087282,0.8438855409,0.8274646681,2013.34,146.006448,13.789391,
4342954,Fig5_H1RKO_NE_postLowHA.mat,d39c8e8453996d5f3abdc42eed0b4ea4b6485b5e142719d4128f9683972621eb,post_low_histamine_2025,AVG_040725_Slice4_H1Rflox_GCaMP_CreRFP,WT,WT7,95,0.71,213,155.61,100000,68541.68,-31458.32,onset_minus_70s_to_minus_10s,30,21,28.16901408,0.005667775771,0.2425731794,0.2369054036,547.94,111.150522,4.929711441,
4342954,Fig5_H1RKO_NE_postLowHA.mat,d39c8e8453996d5f3abdc42eed0b4ea4b6485b5e142719d4128f9683972621eb,post_low_histamine_2025,AVG_040725_Slice4_H1Rflox_GCaMP_CreRFP,WT,WT8,95,0.71,213,357.83,100000,68459.665,-31540.335,onset_minus_70s_to_minus_10s,30,21,28.16901408,0.01110482201,0.567652027,0.556547205,1346.81,82.351017,16.35450355,
4342954,Fig5_H1RKO_NE_postLowHA.mat,d39c8e8453996d5f3abdc42eed0b4ea4b6485b5e142719d4128f9683972621eb,post_low_histamine_2025,AVG_041025_Slice4_H1Rflox_GCaMP_CreRFP,KO,KO1,107,0.71,213,217.61,100000,71132.155,-28867.845,onset_minus_70s_to_minus_10s,30,21,28.16901408,-0.00114545768,0.3195393297,0.3206847874,757.03,181.714869,4.166032225,
4342954,Fig5_H1RKO_NE_postLowHA.mat,d39c8e8453996d5f3abdc42eed0b4ea4b6485b5e142719d4128f9683972621eb,post_low_histamine_2025,AVG_041025_Slice4_H1Rflox_GCaMP_CreRFP,KO,KO2,107,0.71,213,246.09,100000,71114.355,-28885.645,onset_minus_70s_to_minus_10s,30,21,28.16901408,-0.001892607327,0.1803796787,0.182272286,416.35,139.468182,2.985268712,
4342954,Fig5_H1RKO_NE_postLowHA.mat,d39c8e8453996d5f3abdc42eed0b4ea4b6485b5e142719d4128f9683972621eb,post_low_histamine_2025,AVG_041025_Slice4_H1Rflox_GCaMP_CreRFP,KO,KO3,107,0.71,213,237.37,100000,72690.525,-27309.475,onset_minus_70s_to_minus_10s,30,21,28.16901408,-0.1750692162,0.4256523717,0.6007215879,1165.25,388.974936,2.995694304,
4342954,Fig5_H1RKO_NE_postLowHA.mat,d39c8e8453996d5f3abdc42eed0b4ea4b6485b5e142719d4128f9683972621eb,post_low_histamine_2025,AVG_041025_Slice4_H1Rflox_GCaMP_CreRFP,KO,KO4,107,0.71,213,247.59,100000,73662.57,-26337.43,onset_minus_70s_to_minus_10s,30,21,28.16901408,0.2972135521,1.051664691,0.7544511393,1737.89,415.128,4.186395521,
4342954,Fig5_H1RKO_NE_postLowHA.mat,d39c8e8453996d5f3abdc42eed0b4ea4b6485b5e142719d4128f9683972621eb,post_low_histamine_2025,AVG_041025_Slice4_H1Rflox_GCaMP_CreRFP,WT,WT1,107,0.71,213,205.76,100000,71477.35,-28522.65,onset_minus_70s_to_minus_10s,30,21,28.16901408,-0.001642103959,0.3365234276,0.3381655315,744.66,209.128143,3.560783304,
4342954,Fig5_H1RKO_NE_postLowHA.mat,d39c8e8453996d5f3abdc42eed0b4ea4b6485b5e142719d4128f9683972621eb,post_low_histamine_2025,AVG_041025_Slice4_H1Rflox_GCaMP_CreRFP,WT,WT2,107,0.71,213,174.55,100000,71354.445,-28645.555,onset_minus_70s_to_minus_10s,30,21,28.16901408,0.01337668474,0.3807534444,0.3673767596,722.95,202.589877,3.568539607,
4342954,Fig5_H1RKO_NE_postLowHA.mat,d39c8e8453996d5f3abdc42eed0b4ea4b6485b5e142719d4128f9683972621eb,post_low_histamine_2025,AVG_041025_Slice4_H1Rflox_GCaMP_CreRFP,WT,WT3,107,0.71,213,187.64,100000,72313.215,-27686.785,onset_minus_70s_to_minus_10s,30,21,28.16901408,0.08476895258,0.787045184,0.7022762314,1912.47,329.604219,5.802322573,
4342954,Fig5_H1RKO_NE_postLowHA.mat,d39c8e8453996d5f3abdc42eed0b4ea4b6485b5e142719d4128f9683972621eb,post_low_histamine_2025,AVG_041025_Slice4_H1Rflox_GCaMP_CreRFP,WT,WT4,107,0.71,213,236.55,100000,73259.765,-26740.235,onset_minus_70s_to_minus_10s,30,21,28.16901408,0.02985892388,0.1645577868,0.1346988629,268.23,276.905202,0.9686708594,
4342954,Fig5_H1RKO_NE_postLowHA.mat,d39c8e8453996d5f3abdc42eed0b4ea4b6485b5e142719d4128f9683972621eb,post_low_histamine_2025,AVG_041025_Slice4_H1Rflox_GCaMP_CreRFP,WT,WT5,107,0.71,213,161.61,100000,71815.505,-28184.495,onset_minus_70s_to_minus_10s,30,21,28.16901408,0.0004752004538,0.3871756985,0.386700498,821.6,213.442509,3.849280089,
4342954,Fig5_H1RKO_NE_postLowHA.mat,d39c8e8453996d5f3abdc42eed0b4ea4b6485b5e142719d4128f9683972621eb,post_low_histamine_2025,AVG_041025_Slice4_H1Rflox_GCaMP_CreRFP,WT,WT6,107,0.71,213,168.56,100000,71271.73,-28728.27,onset_minus_70s_to_minus_10s,30,21,28.16901408,0.01417388329,0.4379845346,0.4238106513,846.26,183.975834,4.59984326,
4342954,Fig5_H1RKO_NE_postLowHA.mat,d39c8e8453996d5f3abdc42eed0b4ea4b6485b5e142719d4128f9683972621eb,post_low_histamine_2025,AVG_041025_Slice4_H1Rflox_GCaMP_CreRFP,WT,WT7,107,0.71,213,163.79,100000,71116.75,-28883.25,onset_minus_70s_to_minus_10s,30,21,28.16901408,0.002925362218,0.3935672729,0.3906419106,929.74,180.817896,5.141858304,
4342954,Fig5_H1RKO_NE_postLowHA.mat,d39c8e8453996d5f3abdc42eed0b4ea4b6485b5e142719d4128f9683972621eb,post_low_histamine_2025,AVG_041025_Slice4_H1Rflox_GCaMP_CreRFP,WT,WT8,107,0.71,213,230.97,100000,71723.675,-28276.325,onset_minus_70s_to_minus_10s,30,21,28.16901408,0.02773673103,0.6184212349,0.5906845038,670.5,214.198635,3.130272049,
4342955,Fig5_H1RKO_NE.mat,45c7836bcafda6369a8addf436c2838c04ab61c53d3881fe52416821fe5e8116,ne_only_2023,AVG_062123_slice1_20X_zm1_jRGECO_CreGfp_H1RfloxedHOM_jRGECO_HiLo_Ave2,KO,KO1,85,0.71,300,271.44,100000,68102.565,-31897.435,onset_minus_70s_to_minus_10s,30,21,28.16901408,-0.01993999475,1.431611194,1.451551188,3405.46,74.003979,46.01725537,
4342955,Fig5_H1RKO_NE.mat,45c7836bcafda6369a8addf436c2838c04ab61c53d3881fe52416821fe5e8116,ne_only_2023,AVG_062123_slice1_20X_zm1_jRGECO_CreGfp_H1RfloxedHOM_jRGECO_HiLo_Ave2,KO,KO10,85,0.71,300,241.05,100000,67712.87,-32287.13,onset_minus_70s_to_minus_10s,30,21,28.16901408,-0.009374921147,0.717502729,0.7268776502,1775.53,68.177361,26.04280914,
4342955,Fig5_H1RKO_NE.mat,45c7836bcafda6369a8addf436c2838c04ab61c53d3881fe52416821fe5e8116,ne_only_2023,AVG_062123_slice1_20X_zm1_jRGECO_CreGfp_H1RfloxedHOM_jRGECO_HiLo_Ave2,KO,KO2,85,0.71,300,245.27,100000,67963.81,-32036.19,onset_minus_70s_to_minus_10s,30,21,28.16901408,0.08083351303,1.375328478,1.294494965,3187.45,117.229182,27.18990225,
4342955,Fig5_H1RKO_NE.mat,45c7836bcafda6369a8addf436c2838c04ab61c53d3881fe52416821fe5e8116,ne_only_2023,AVG_062123_slice1_20X_zm1_jRGECO_CreGfp_H1RfloxedHOM_jRGECO_HiLo_Ave2,KO,KO3,85,0.71,300,221.7,100000,67766.65,-32233.35,onset_minus_70s_to_minus_10s,30,21,28.16901408,0.009876685053,1.029759196,1.01988251,2518.02,113.233575,22.23739734,
4342955,Fig5_H1RKO_NE.mat,45c7836bcafda6369a8addf436c2838c04ab61c53d3881fe52416821fe5e8116,ne_only_2023,AVG_062123_slice1_20X_zm1_jRGECO_CreGfp_H1RfloxedHOM_jRGECO_HiLo_Ave2,KO,KO4,85,0.71,300,251.41,100000,69345.31,-30654.69,onset_minus_70s_to_minus_10s,30,21,28.16901408,0.02872336984,0.7329008903,0.7041775205,1712.28,256.030194,6.687804955,
4342955,Fig5_H1RKO_NE.mat,45c7836bcafda6369a8addf436c2838c04ab61c53d3881fe52416821fe5e8116,ne_only_2023,AVG_062123_slice1_20X_zm1_jRGECO_CreGfp_H1RfloxedHOM_jRGECO_HiLo_Ave2,KO,KO5,85,0.71,300,165.97,100000,69358.03,-30641.97,onset_minus_70s_to_minus_10s,30,21,28.16901408,0.1091339662,3.253507941,3.144373975,7875.91,246.200556,31.98981403,
4342955,Fig5_H1RKO_NE.mat,45c7836bcafda6369a8addf436c2838c04ab61c53d3881fe52416821fe5e8116,ne_only_2023,AVG_062123_slice1_20X_zm1_jRGECO_CreGfp_H1RfloxedHOM_jRGECO_HiLo_Ave2,KO,KO6,85,0.71,300,322.26,100000,67662.375,-32337.625,onset_minus_70s_to_minus_10s,30,21,28.16901408,-0.0127475302,0.9771767336,0.9899242638,2602.66,72.94392,35.68028699,
4342955,Fig5_H1RKO_NE.mat,45c7836bcafda6369a8addf436c2838c04ab61c53d3881fe52416821fe5e8116,ne_only_2023,AVG_062123_slice1_20X_zm1_jRGECO_CreGfp_H1RfloxedHOM_jRGECO_HiLo_Ave2,KO,KO7,85,0.71,300,189.95,100000,67898.13,-32101.87,onset_minus_70s_to_minus_10s,30,21,28.16901408,0.03116163731,1.108342458,1.07718082,2590.38,61.268445,42.27918629,
4342955,Fig5_H1RKO_NE.mat,45c7836bcafda6369a8addf436c2838c04ab61c53d3881fe52416821fe5e8116,ne_only_2023,AVG_062123_slice1_20X_zm1_jRGECO_CreGfp_H1RfloxedHOM_jRGECO_HiLo_Ave2,KO,KO8,85,0.71,300,319.81,100000,68004.58,-31995.42,onset_minus_70s_to_minus_10s,30,21,28.16901408,-0.01020602345,1.046679814,1.056885837,2521.57,94.182165,26.77332805,
4342955,Fig5_H1RKO_NE.mat,45c7836bcafda6369a8addf436c2838c04ab61c53d3881fe52416821fe5e8116,ne_only_2023,AVG_062123_slice1_20X_zm1_jRGECO_CreGfp_H1RfloxedHOM_jRGECO_HiLo_Ave2,KO,KO9,85,0.71,300,352.38,100000,67657.045,-32342.955,onset_minus_70s_to_minus_10s,30,21,28.16901408,0.04727082339,0.6356249677,0.5883541443,1443.52,78.370236,18.41923763,
4342955,Fig5_H1RKO_NE.mat,45c7836bcafda6369a8addf436c2838c04ab61c53d3881fe52416821fe5e8116,ne_only_2023,AVG_062123_slice1_20X_zm1_jRGECO_CreGfp_H1RfloxedHOM_jRGECO_HiLo_Ave2,WT,WT1,85,0.71,300,250.04,100000,67739.89,-32260.11,onset_minus_70s_to_minus_10s,30,21,28.16901408,-0.005846410605,1.108000381,1.113846792,2799.01,103.166721,27.13093886,
4342955,Fig5_H1RKO_NE.mat,45c7836bcafda6369a8addf436c2838c04ab61c53d3881fe52416821fe5e8116,ne_only_2023,AVG_062123_slice1_20X_zm1_jRGECO_CreGfp_H1RfloxedHOM_jRGECO_HiLo_Ave2,WT,WT2,85,0.71,300,184.23,100000,67624.695,-32375.305,onset_minus_70s_to_minus_10s,30,21,28.16901408,0.003365405301,0.8776034999,0.8742380946,2065.75,61.943028,33.34919307,
4342955,Fig5_H1RKO_NE.mat,45c7836bcafda6369a8addf436c2838c04ab61c53d3881fe52416821fe5e8116,ne_only_2023,AVG_062123_slice1_20X_zm1_jRGECO_CreGfp_H1RfloxedHOM_jRGECO_HiLo_Ave2,WT,WT3,85,0.71,300,238.73,100000,67886.505,-32113.495,onset_minus_70s_to_minus_10s,30,21,28.16901408,-0.009926675765,0.9519811936,0.9619078693,2360.27,93.70032,25.18956179,
4342955,Fig5_H1RKO_NE.mat,45c7836bcafda6369a8addf436c2838c04ab61c53d3881fe52416821fe5e8116,ne_only_2023,AVG_062123_slice1_20X_zm1_jRGECO_CreGfp_H1RfloxedHOM_jRGECO_HiLo_Ave2,WT,WT4,85,0.71,300,373.91,100000,67651.92,-32348.08,onset_minus_70s_to_minus_10s,30,21,28.16901408,-0.01563231817,0.7063411952,0.7219735133,1730.94,47.613699,36.3538233,
4342955,Fig5_H1RKO_NE.mat,45c7836bcafda6369a8addf436c2838c04ab61c53d3881fe52416821fe5e8116,ne_only_2023,AVG_062123_slice2_20X_zm1_jRGECO_CreGfp_H1RfloxedHOM_jRGECO_HiLo_Ave2,KO,KO1,92,0.71,300,183.14,100000,68081.755,-31918.245,onset_minus_70s_to_minus_10s,30,21,28.16901408,0.1388708388,4.042880422,3.904009583,10187.49,108.422538,93.96099914,
4342955,Fig5_H1RKO_NE.mat,45c7836bcafda6369a8addf436c2838c04ab61c53d3881fe52416821fe5e8116,ne_only_2023,AVG_062123_slice2_20X_zm1_jRGECO_CreGfp_H1RfloxedHOM_jRGECO_HiLo_Ave2,KO,KO10,92,0.71,300,98.52,100000,67667.36,-32332.64,onset_minus_70s_to_minus_10s,30,21,28.16901408,0.06908983534,2.27611173,2.207021895,5597.09,131.981052,42.40828449,
4342955,Fig5_H1RKO_NE.mat,45c7836bcafda6369a8addf436c2838c04ab61c53d3881fe52416821fe5e8116,ne_only_2023,AVG_062123_slice2_20X_zm1_jRGECO_CreGfp_H1RfloxedHOM_jRGECO_HiLo_Ave2,KO,KO2,92,0.71,300,132.45,100000,67930.245,-32069.755,onset_minus_70s_to_minus_10s,30,21,28.16901408,0.08358978608,2.839340126,2.75575034,8540.91,121.373049,70.36908169,
4342955,Fig5_H1RKO_NE.mat,45c7836bcafda6369a8addf436c2838c04ab61c53d3881fe52416821fe5e8116,ne_only_2023,AVG_062123_slice2_20X_zm1_jRGECO_CreGfp_H1RfloxedHOM_jRGECO_HiLo_Ave2,KO,KO3,92,0.71,300,135.31,100000,67709.245,-32290.755,onset_minus_70s_to_minus_10s,30,21,28.16901408,0.2464805816,2.510669172,2.26418859,5727.47,188.690502,30.35378008,
4342955,Fig5_H1RKO_NE.mat,45c7836bcafda6369a8addf436c2838c04ab61c53d3881fe52416821fe5e8116,ne_only_2023,AVG_062123_slice2_20X_zm1_jRGECO_CreGfp_H1RfloxedHOM_jRGECO_HiLo_Ave2,KO,KO4,92,0.71,300,100.02,100000,67831.42,-32168.58,onset_minus_70s_to_minus_10s,30,21,28.16901408,0.1018215037,2.453906327,2.352084823,5739.58,130.001781,44.15001053,
4342955,Fig5_H1RKO_NE.mat,45c7836bcafda6369a8addf436c2838c04ab61c53d3881fe52416821fe5e8116,ne_only_2023,AVG_062123_slice2_20X_zm1_jRGECO_CreGfp_H1RfloxedHOM_jRGECO_HiLo_Ave2,KO,KO5,92,0.71,300,109.01,100000,67716.135,-32283.865,onset_minus_70s_to_minus_10s,30,21,28.16901408,0.06842056264,2.389287841,2.320867279,6860.55,121.432353,56.49688761,
4342955,Fig5_H1RKO_NE.mat,45c7836bcafda6369a8addf436c2838c04ab61c53d3881fe52416821fe5e8116,ne_only_2023,AVG_062123_slice2_20X_zm1_jRGECO_CreGfp_H1RfloxedHOM_jRGECO_HiLo_Ave2,KO,KO6,92,0.71,300,169.78,100000,68355.22,-31644.78,onset_minus_70s_to_minus_10s,30,21,28.16901408,0.1120407545,3.237198189,3.125157434,9087.79,135.057447,67.28832954,
4342955,Fig5_H1RKO_NE.mat,45c7836bcafda6369a8addf436c2838c04ab61c53d3881fe52416821fe5e8116,ne_only_2023,AVG_062123_slice2_20X_zm1_jRGECO_CreGfp_H1RfloxedHOM_jRGECO_HiLo_Ave2,KO,KO7,92,0.71,300,151.8,100000,67909.51,-32090.49,onset_minus_70s_to_minus_10s,30,21,28.16901408,0.1120406665,4.047166569,3.935125903,9853.64,124.590291,79.08834566,
4342955,Fig5_H1RKO_NE.mat,45c7836bcafda6369a8addf436c2838c04ab61c53d3881fe52416821fe5e8116,ne_only_2023,AVG_062123_slice2_20X_zm1_jRGECO_CreGfp_H1RfloxedHOM_jRGECO_HiLo_Ave2,KO,KO8,92,0.71,300,87.75,100000,68322.225,-31677.775,onset_minus_70s_to_minus_10s,30,21,28.16901408,0.1254874897,4.156816478,4.031328988,9998.08,202.056141,49.48169331,
4342955,Fig5_H1RKO_NE.mat,45c7836bcafda6369a8addf436c2838c04ab61c53d3881fe52416821fe5e8116,ne_only_2023,AVG_062123_slice2_20X_zm1_jRGECO_CreGfp_H1RfloxedHOM_jRGECO_HiLo_Ave2,KO,KO9,92,0.71,300,123.32,100000,68316.83,-31683.17,onset_minus_70s_to_minus_10s,30,21,28.16901408,0.2071273168,4.637247193,4.430119876,11187.93,218.542653,51.1933476,
4342955,Fig5_H1RKO_NE.mat,45c7836bcafda6369a8addf436c2838c04ab61c53d3881fe52416821fe5e8116,ne_only_2023,AVG_062123_slice2_20X_zm1_jRGECO_CreGfp_H1RfloxedHOM_jRGECO_HiLo_Ave2,WT,WT1,92,0.71,300,186.14,100000,67986.69,-32013.31,onset_minus_70s_to_minus_10s,30,21,28.16901408,0.1361337299,3.89294291,3.75680918,10962.38,140.973021,77.76225495,
4342955,Fig5_H1RKO_NE.mat,45c7836bcafda6369a8addf436c2838c04ab61c53d3881fe52416821fe5e8116,ne_only_2023,AVG_062123_slice2_20X_zm1_jRGECO_CreGfp_H1RfloxedHOM_jRGECO_HiLo_Ave2,WT,WT2,92,0.71,300,122.77,100000,67528.095,-32471.905,onset_minus_70s_to_minus_10s,30,21,28.16901408,0.05907775794,1.487046056,1.427968298,3730.19,88.570524,42.11547851,
4342955,Fig5_H1RKO_NE.mat,45c7836bcafda6369a8addf436c2838c04ab61c53d3881fe52416821fe5e8116,ne_only_2023,AVG_062123_slice2_20X_zm1_jRGECO_CreGfp_H1RfloxedHOM_jRGECO_HiLo_Ave2,WT,WT3,92,0.71,300,126.59,100000,67570.815,-32429.185,onset_minus_70s_to_minus_10s,30,21,28.16901408,0.0628783216,1.954237946,1.891359624,5215.01,82.165692,63.46943442,
4342955,Fig5_H1RKO_NE.mat,45c7836bcafda6369a8addf436c2838c04ab61c53d3881fe52416821fe5e8116,ne_only_2023,AVG_062223_slice1_20X_zm1_jRGECO_CreGfp_H1RfloxedHOM_jRGECO_HiLo_Ave2,KO,KO1,103,0.71,300,192.54,100000,69236.465,-30763.535,onset_minus_70s_to_minus_10s,30,21,28.16901408,0.1148037473,1.835530059,1.720726312,5191.84,242.55336,21.40493952,
4342955,Fig5_H1RKO_NE.mat,45c7836bcafda6369a8addf436c2838c04ab61c53d3881fe52416821fe5e8116,ne_only_2023,AVG_062223_slice1_20X_zm1_jRGECO_CreGfp_H1RfloxedHOM_jRGECO_HiLo_Ave2,KO,KO2,103,0.71,300,132.99,100000,68078.655,-31921.345,onset_minus_70s_to_minus_10s,30,21,28.16901408,0.07241975384,1.308480382,1.236060628,3487.69,121.654743,28.66875482,
4342955,Fig5_H1RKO_NE.mat,45c7836bcafda6369a8addf436c2838c04ab61c53d3881fe52416821fe5e8116,ne_only_2023,AVG_062223_slice1_20X_zm1_jRGECO_CreGfp_H1RfloxedHOM_jRGECO_HiLo_Ave2,KO,KO3,103,0.71,300,137.35,100000,69240.06,-30759.94,onset_minus_70s_to_minus_10s,30,21,28.16901408,0.1087983492,1.246897541,1.138099192,2943.67,230.262606,12.78396893,
4342955,Fig5_H1RKO_NE.mat,45c7836bcafda6369a8addf436c2838c04ab61c53d3881fe52416821fe5e8116,ne_only_2023,AVG_062223_slice1_20X_zm1_jRGECO_CreGfp_H1RfloxedHOM_jRGECO_HiLo_Ave2,KO,KO4,103,0.71,300,139.94,100000,68438.945,-31561.055,onset_minus_70s_to_minus_10s,30,21,28.16901408,0.1350272088,1.481618109,1.3465909,3236.57,168.186144,19.24397529,
4342955,Fig5_H1RKO_NE.mat,45c7836bcafda6369a8addf436c2838c04ab61c53d3881fe52416821fe5e8116,ne_only_2023,AVG_062223_slice1_20X_zm1_jRGECO_CreGfp_H1RfloxedHOM_jRGECO_HiLo_Ave2,KO,KO5,103,0.71,300,156.02,100000,68188.96,-31811.04,onset_minus_70s_to_minus_10s,30,21,28.16901408,0.1009332773,1.536537297,1.43560402,3904.6,153.197058,25.48743462,
4342955,Fig5_H1RKO_NE.mat,45c7836bcafda6369a8addf436c2838c04ab61c53d3881fe52416821fe5e8116,ne_only_2023,AVG_062223_slice1_20X_zm1_jRGECO_CreGfp_H1RfloxedHOM_jRGECO_HiLo_Ave2,KO,KO6,103,0.71,300,158.34,100000,68577.55,-31422.45,onset_minus_70s_to_minus_10s,30,21,28.16901408,0.06449971447,0.7342218234,0.6697221089,1763.91,192.767652,9.150446051,
4342955,Fig5_H1RKO_NE.mat,45c7836bcafda6369a8addf436c2838c04ab61c53d3881fe52416821fe5e8116,ne_only_2023,AVG_062223_slice1_20X_zm1_jRGECO_CreGfp_H1RfloxedHOM_jRGECO_HiLo_Ave2,WT,WT1,103,0.71,300,157.11,100000,68269.15,-31730.85,onset_minus_70s_to_minus_10s,30,21,28.16901408,0.1490369627,1.204904762,1.055867799,2706.04,149.787078,18.06591087,
4342955,Fig5_H1RKO_NE.mat,45c7836bcafda6369a8addf436c2838c04ab61c53d3881fe52416821fe5e8116,ne_only_2023,AVG_062223_slice1_20X_zm1_jRGECO_CreGfp_H1RfloxedHOM_jRGECO_HiLo_Ave2,WT,WT2,103,0.71,300,169.51,100000,68155.24,-31844.76,onset_minus_70s_to_minus_10s,30,21,28.16901408,0.1151099324,1.07123732,0.9561273873,2393.9,104.115585,22.99271526,
4342955,Fig5_H1RKO_NE.mat,45c7836bcafda6369a8addf436c2838c04ab61c53d3881fe52416821fe5e8116,ne_only_2023,AVG_062223_slice1_20X_zm1_jRGECO_CreGfp_H1RfloxedHOM_jRGECO_HiLo_Ave2,WT,WT3,103,0.71,300,223.88,100000,68081.68,-31918.32,onset_minus_70s_to_minus_10s,30,21,28.16901408,0.0948151699,1.024868165,0.9300529955,2375.38,134.664558,17.6392366,
4342955,Fig5_H1RKO_NE.mat,45c7836bcafda6369a8addf436c2838c04ab61c53d3881fe52416821fe5e8116,ne_only_2023,AVG_062223_slice1_20X_zm1_jRGECO_CreGfp_H1RfloxedHOM_jRGECO_HiLo_Ave2,WT,WT4,103,0.71,300,243.91,100000,67994.615,-32005.385,onset_minus_70s_to_minus_10s,30,21,28.16901408,0.07494265808,0.7271267618,0.6521841037,1653.53,123.626601,13.37519584,
4342955,Fig5_H1RKO_NE.mat,45c7836bcafda6369a8addf436c2838c04ab61c53d3881fe52416821fe5e8116,ne_only_2023,AVG_062223_slice1_20X_zm1_jRGECO_CreGfp_H1RfloxedHOM_jRGECO_HiLo_Ave2,WT,WT5,103,0.71,300,250.04,100000,67887.63,-32112.37,onset_minus_70s_to_minus_10s,30,21,28.16901408,0.0874405809,0.7200370028,0.6325964219,1482.02,85.293978,17.37543534,
4342955,Fig5_H1RKO_NE.mat,45c7836bcafda6369a8addf436c2838c04ab61c53d3881fe52416821fe5e8116,ne_only_2023,AVG_062223_slice1_20X_zm1_jRGECO_CreGfp_H1RfloxedHOM_jRGECO_HiLo_Ave2,WT,WT6,103,0.71,300,284.65,100000,67817.5,-32182.5,onset_minus_70s_to_minus_10s,30,21,28.16901408,0.07941757523,0.5226143902,0.443196815,1141.45,96.895323,11.78023835,
4342955,Fig5_H1RKO_NE.mat,45c7836bcafda6369a8addf436c2838c04ab61c53d3881fe52416821fe5e8116,ne_only_2023,AVG_062223_slice1_20X_zm1_jRGECO_CreGfp_H1RfloxedHOM_jRGECO_HiLo_Ave2,WT,WT7,103,0.71,300,131.36,100000,68066.54,-31933.46,onset_minus_70s_to_minus_10s,30,21,28.16901408,0.1090040447,1.214846034,1.10584199,2738.01,156.777537,17.46430039,
4342955,Fig5_H1RKO_NE.mat,45c7836bcafda6369a8addf436c2838c04ab61c53d3881fe52416821fe5e8116,ne_only_2023,AVG_062223_slice1_20X_zm1_jRGECO_CreGfp_H1RfloxedHOM_jRGECO_HiLo_Ave2,WT,WT8,103,0.71,300,106.29,100000,68060.385,-31939.615,onset_minus_70s_to_minus_10s,30,21,28.16901408,0.08243270161,1.251737858,1.169305157,2809.8,107.258697,26.1964771,
4342955,Fig5_H1RKO_NE.mat,45c7836bcafda6369a8addf436c2838c04ab61c53d3881fe52416821fe5e8116,ne_only_2023,AVG_062223_slice1_20X_zm1_jRGECO_CreGfp_H1RfloxedHOM_jRGECO_HiLo_Ave2,WT,WT9,103,0.71,300,91.16,100000,68094.465,-31905.535,onset_minus_70s_to_minus_10s,30,21,28.16901408,0.08868345045,1.321262587,1.232579137,3052.92,165.406269,18.45709971,
4342955,Fig5_H1RKO_NE.mat,45c7836bcafda6369a8addf436c2838c04ab61c53d3881fe52416821fe5e8116,ne_only_2023,AVG_062223_slice2_20X_zm1_jRGECO_CreGfp_H1RfloxedHOM_jRGECO_HiLo_Ave2,KO,KO1,93,0.71,300,287.65,100000,67612.235,-32387.765,onset_minus_70s_to_minus_10s,30,21,28.16901408,-0.00617127242,1.032014544,1.038185816,2402.74,62.113527,38.6830392,
4342955,Fig5_H1RKO_NE.mat,45c7836bcafda6369a8addf436c2838c04ab61c53d3881fe52416821fe5e8116,ne_only_2023,AVG_062223_slice2_20X_zm1_jRGECO_CreGfp_H1RfloxedHOM_jRGECO_HiLo_Ave2,KO,KO2,93,0.71,300,216.93,100000,67739.295,-32260.705,onset_minus_70s_to_minus_10s,30,21,28.16901408,0.01530162259,1.280699839,1.265398217,3511.26,129.690435,27.07416318,
4342955,Fig5_H1RKO_NE.mat,45c7836bcafda6369a8addf436c2838c04ab61c53d3881fe52416821fe5e8116,ne_only_2023,AVG_062223_slice2_20X_zm1_jRGECO_CreGfp_H1RfloxedHOM_jRGECO_HiLo_Ave2,KO,KO3,93,0.71,300,147.71,100000,67783.595,-32216.405,onset_minus_70s_to_minus_10s,30,21,28.16901408,-0.004203933806,2.560196726,2.56440066,7321.16,118.734021,61.66017068,
4342955,Fig5_H1RKO_NE.mat,45c7836bcafda6369a8addf436c2838c04ab61c53d3881fe52416821fe5e8116,ne_only_2023,AVG_062223_slice2_20X_zm1_jRGECO_CreGfp_H1RfloxedHOM_jRGECO_HiLo_Ave2,KO,KO4,93,0.71,300,164.33,100000,68708.625,-31291.375,onset_minus_70s_to_minus_10s,30,21,28.16901408,-0.06073504057,0.01274703119,0.07348207176,222.79,229.595436,0.9703590101,
4342955,Fig5_H1RKO_NE.mat,45c7836bcafda6369a8addf436c2838c04ab61c53d3881fe52416821fe5e8116,ne_only_2023,AVG_062223_slice2_20X_zm1_jRGECO_CreGfp_H1RfloxedHOM_jRGECO_HiLo_Ave2,KO,KO5,93,0.71,300,212.16,100000,67439.26,-32560.74,onset_minus_70s_to_minus_10s,30,21,28.16901408,-0.007183929261,0.599048079,0.6062320083,1677.18,68.64438,24.43288147,
4342955,Fig5_H1RKO_NE.mat,45c7836bcafda6369a8addf436c2838c04ab61c53d3881fe52416821fe5e8116,ne_only_2023,AVG_062223_slice2_20X_zm1_jRGECO_CreGfp_H1RfloxedHOM_jRGECO_HiLo_Ave2,KO,KO6,93,0.71,300,127.95,100000,67551.26,-32448.74,onset_minus_70s_to_minus_10s,30,21,28.16901408,-0.01004193068,0.7840761369,0.7941180676,2194.82,95.694417,22.9357163,
4342955,Fig5_H1RKO_NE.mat,45c7836bcafda6369a8addf436c2838c04ab61c53d3881fe52416821fe5e8116,ne_only_2023,AVG_062223_slice2_20X_zm1_jRGECO_CreGfp_H1RfloxedHOM_jRGECO_HiLo_Ave2,KO,KO7,93,0.71,300,108.06,100000,67653.415,-32346.585,onset_minus_70s_to_minus_10s,30,21,28.16901408,0.006325529346,0.4162103169,0.4098847875,1066,91.884135,11.60156756,
4342955,Fig5_H1RKO_NE.mat,45c7836bcafda6369a8addf436c2838c04ab61c53d3881fe52416821fe5e8116,ne_only_2023,AVG_062223_slice2_20X_zm1_jRGECO_CreGfp_H1RfloxedHOM_jRGECO_HiLo_Ave2,KO,KO8,93,0.71,300,106.42,100000,67869.67,-32130.33,onset_minus_70s_to_minus_10s,30,21,28.16901408,0.06173254718,1.458826045,1.397093498,3410.89,105.761271,32.25084161,
4342955,Fig5_H1RKO_NE.mat,45c7836bcafda6369a8addf436c2838c04ab61c53d3881fe52416821fe5e8116,ne_only_2023,AVG_062223_slice2_20X_zm1_jRGECO_CreGfp_H1RfloxedHOM_jRGECO_HiLo_Ave2,KO,KO9,93,0.71,300,123.86,100000,67792.47,-32207.53,onset_minus_70s_to_minus_10s,30,21,28.16901408,0.01412014397,2.270810907,2.256690763,6376.73,114.886674,55.50452266,
4342955,Fig5_H1RKO_NE.mat,45c7836bcafda6369a8addf436c2838c04ab61c53d3881fe52416821fe5e8116,ne_only_2023,AVG_062223_slice2_20X_zm1_jRGECO_CreGfp_H1RfloxedHOM_jRGECO_HiLo_Ave2,WT,WT1,93,0.71,300,161.47,100000,67873.455,-32126.545,onset_minus_70s_to_minus_10s,30,21,28.16901408,-0.02857430228,0.2920988855,0.3206731878,790.8,145.524603,5.434132674,
4342955,Fig5_H1RKO_NE.mat,45c7836bcafda6369a8addf436c2838c04ab61c53d3881fe52416821fe5e8116,ne_only_2023,AVG_062223_slice2_20X_zm1_jRGECO_CreGfp_H1RfloxedHOM_jRGECO_HiLo_Ave2,WT,WT2,93,0.71,300,207.39,100000,67492.465,-32507.535,onset_minus_70s_to_minus_10s,30,21,28.16901408,-0.03342157121,0.2814291206,0.3148506918,934.3,116.487882,8.020576767,
4342955,Fig5_H1RKO_NE.mat,45c7836bcafda6369a8addf436c2838c04ab61c53d3881fe52416821fe5e8116,ne_only_2023,AVG_062223_slice2_20X_zm1_jRGECO_CreGfp_H1RfloxedHOM_jRGECO_HiLo_Ave2,WT,WT3,93,0.71,300,176.87,100000,67647.21,-32352.79,onset_minus_70s_to_minus_10s,30,21,28.16901408,-0.01058505289,1.565580427,1.576165479,4031.43,106.636005,37.80552357,
4342955,Fig5_H1RKO_NE.mat,45c7836bcafda6369a8addf436c2838c04ab61c53d3881fe52416821fe5e8116,ne_only_2023,AVG_062223_slice2_20X_zm1_jRGECO_CreGfp_H1RfloxedHOM_jRGECO_HiLo_Ave2,WT,WT4,93,0.71,300,115.96,100000,68439.02,-31560.98,onset_minus_70s_to_minus_10s,30,21,28.16901408,-0.05681144643,3.08765637,3.144467816,8336.21,211.203783,39.4699843,
4342955,Fig5_H1RKO_NE.mat,45c7836bcafda6369a8addf436c2838c04ab61c53d3881fe52416821fe5e8116,ne_only_2023,AVG_062223_slice2_20X_zm1_jRGECO_CreGfp_H1RfloxedHOM_jRGECO_HiLo_Ave2,WT,WT5,93,0.71,300,161.61,100000,67651.905,-32348.095,onset_minus_70s_to_minus_10s,30,21,28.16901408,-0.003912842774,0.3388223713,0.342735214,881.27,133.115241,6.620353863,
4342955,Fig5_H1RKO_NE.mat,45c7836bcafda6369a8addf436c2838c04ab61c53d3881fe52416821fe5e8116,ne_only_2023,AVG_062223_slice3_20X_zm1_jRGECO_CreGfp_H1RfloxedHOM_jRGECO_HiLo_Ave2,KO,KO1,83,0.71,300,257.95,100000,69191.58,-30808.42,onset_minus_70s_to_minus_10s,30,21,28.16901408,-0.03811991957,3.516906696,3.555026615,8965.19,254.769984,35.18934946,
4342955,Fig5_H1RKO_NE.mat,45c7836bcafda6369a8addf436c2838c04ab61c53d3881fe52416821fe5e8116,ne_only_2023,AVG_062223_slice3_20X_zm1_jRGECO_CreGfp_H1RfloxedHOM_jRGECO_HiLo_Ave2,KO,KO10,83,0.71,300,194.72,100000,68307.995,-31692.005,onset_minus_70s_to_minus_10s,30,21,28.16901408,-0.09870382762,0.04989589773,0.1485997253,317.72,189.394737,1.677554535,
4342955,Fig5_H1RKO_NE.mat,45c7836bcafda6369a8addf436c2838c04ab61c53d3881fe52416821fe5e8116,ne_only_2023,AVG_062223_slice3_20X_zm1_jRGECO_CreGfp_H1RfloxedHOM_jRGECO_HiLo_Ave2,KO,KO11,83,0.71,300,308.09,100000,68634.015,-31365.985,onset_minus_70s_to_minus_10s,30,21,28.16901408,-0.1069899216,1.000828016,1.107817938,2878.8,156.540321,18.3901501,
4342955,Fig5_H1RKO_NE.mat,45c7836bcafda6369a8addf436c2838c04ab61c53d3881fe52416821fe5e8116,ne_only_2023,AVG_062223_slice3_20X_zm1_jRGECO_CreGfp_H1RfloxedHOM_jRGECO_HiLo_Ave2,KO,KO12,83,0.71,300,230.01,100000,68268.345,-31731.655,onset_minus_70s_to_minus_10s,30,21,28.16901408,-0.1195902047,0.1632946003,0.282884805,628.06,215.851734,2.90968244,
4342955,Fig5_H1RKO_NE.mat,45c7836bcafda6369a8addf436c2838c04ab61c53d3881fe52416821fe5e8116,ne_only_2023,AVG_062223_slice3_20X_zm1_jRGECO_CreGfp_H1RfloxedHOM_jRGECO_HiLo_Ave2,KO,KO2,83,0.71,300,144.58,100000,69271.265,-30728.735,onset_minus_70s_to_minus_10s,30,21,28.16901408,-0.2004340025,0.6746153365,0.875049339,2022.81,511.845411,3.951994013,
4342955,Fig5_H1RKO_NE.mat,45c7836bcafda6369a8addf436c2838c04ab61c53d3881fe52416821fe5e8116,ne_only_2023,AVG_062223_slice3_20X_zm1_jRGECO_CreGfp_H1RfloxedHOM_jRGECO_HiLo_Ave2,KO,KO3,83,0.71,300,131.77,100000,69196.02,-30803.98,onset_minus_70s_to_minus_10s,30,21,28.16901408,-0.1659910864,0.1702397839,0.3362308703,830.18,331.917075,2.501166895,
4342955,Fig5_H1RKO_NE.mat,45c7836bcafda6369a8addf436c2838c04ab61c53d3881fe52416821fe5e8116,ne_only_2023,AVG_062223_slice3_20X_zm1_jRGECO_CreGfp_H1RfloxedHOM_jRGECO_HiLo_Ave2,KO,KO4,83,0.71,300,133.4,100000,68201.34,-31798.66,onset_minus_70s_to_minus_10s,30,21,28.16901408,-0.07935482842,0.04564312864,0.1249979571,248.6,256.956819,0.9674777302,
4342955,Fig5_H1RKO_NE.mat,45c7836bcafda6369a8addf436c2838c04ab61c53d3881fe52416821fe5e8116,ne_only_2023,AVG_062223_slice3_20X_zm1_jRGECO_CreGfp_H1RfloxedHOM_jRGECO_HiLo_Ave2,KO,KO5,83,0.71,300,228.11,100000,67938.68,-32061.32,onset_minus_70s_to_minus_10s,30,21,28.16901408,-0.0744948902,1.386709268,1.461204158,3477.12,130.579995,26.62827487,
4342955,Fig5_H1RKO_NE.mat,45c7836bcafda6369a8addf436c2838c04ab61c53d3881fe52416821fe5e8116,ne_only_2023,AVG_062223_slice3_20X_zm1_jRGECO_CreGfp_H1RfloxedHOM_jRGECO_HiLo_Ave2,KO,KO6,83,0.71,300,164.33,100000,68132.4,-31867.6,onset_minus_70s_to_minus_10s,30,21,28.16901408,-0.09553178604,2.620527753,2.716059539,7013.72,245.978166,28.51358767,
4342955,Fig5_H1RKO_NE.mat,45c7836bcafda6369a8addf436c2838c04ab61c53d3881fe52416821fe5e8116,ne_only_2023,AVG_062223_slice3_20X_zm1_jRGECO_CreGfp_H1RfloxedHOM_jRGECO_HiLo_Ave2,KO,KO7,83,0.71,300,136.4,100000,67883.1,-32116.9,onset_minus_70s_to_minus_10s,30,21,28.16901408,-0.07409257684,1.484359369,1.558451946,4049.6,175.050582,23.13388481,
4342955,Fig5_H1RKO_NE.mat,45c7836bcafda6369a8addf436c2838c04ab61c53d3881fe52416821fe5e8116,ne_only_2023,AVG_062223_slice3_20X_zm1_jRGECO_CreGfp_H1RfloxedHOM_jRGECO_HiLo_Ave2,KO,KO8,83,0.71,300,229.47,100000,67887.94,-32112.06,onset_minus_70s_to_minus_10s,30,21,28.16901408,-0.07089935661,1.196080432,1.266979789,3459.25,186.459189,18.5523171,
4342955,Fig5_H1RKO_NE.mat,45c7836bcafda6369a8addf436c2838c04ab61c53d3881fe52416821fe5e8116,ne_only_2023,AVG_062223_slice3_20X_zm1_jRGECO_CreGfp_H1RfloxedHOM_jRGECO_HiLo_Ave2,KO,KO9,83,0.71,300,135.17,100000,67898.445,-32101.555,onset_minus_70s_to_minus_10s,30,21,28.16901408,-0.07284034971,1.237080852,1.309921202,3314.87,124.175163,26.69511293,
4342955,Fig5_H1RKO_NE.mat,45c7836bcafda6369a8addf436c2838c04ab61c53d3881fe52416821fe5e8116,ne_only_2023,AVG_062223_slice3_20X_zm1_jRGECO_CreGfp_H1RfloxedHOM_jRGECO_HiLo_Ave2,WT,WT1,83,0.71,300,202.35,100000,68235.095,-31764.905,onset_minus_70s_to_minus_10s,30,21,28.16901408,-0.1093007621,1.206189435,1.315490197,3350.72,223.1313,15.01680849,
4342955,Fig5_H1RKO_NE.mat,45c7836bcafda6369a8addf436c2838c04ab61c53d3881fe52416821fe5e8116,ne_only_2023,AVG_062223_slice3_20X_zm1_jRGECO_CreGfp_H1RfloxedHOM_jRGECO_HiLo_Ave2,WT,WT2,83,0.71,300,241.87,100000,68034.94,-31965.06,onset_minus_70s_to_minus_10s,30,21,28.16901408,-0.08369798406,0.2292448846,0.3129428687,682.98,143.678766,4.753520781,
4342955,Fig5_H1RKO_NE.mat,45c7836bcafda6369a8addf436c2838c04ab61c53d3881fe52416821fe5e8116,ne_only_2023,AVG_062223_slice3_20X_zm1_jRGECO_CreGfp_H1RfloxedHOM_jRGECO_HiLo_Ave2,WT,WT3,83,0.71,300,193.9,100000,68159.555,-31840.445,onset_minus_70s_to_minus_10s,30,21,28.16901408,-0.08961605076,0.5308329555,0.6204490063,1582.2,202.367487,7.818449611,
